ACCURACY,AUC,F1_SCORE,TRAINING_ROWS,NUM_TREES,MAX_DEPTH
0.9444241728990731,0.9609530242019299,0.9428437267455051,5714008,50,10
